,age,sleep_quality_index,brain_fog_level,physical_pain_score,stress_level,depression_phq9_score,fatigue_severity_scale_score,pem_duration_hours,hours_of_sleep_per_night
age,1.0,-0.015102460644815446,-0.016167253897793204,-0.004312065662324993,-0.043718227974062385,0.05870971353435573,-0.03163099388743516,-0.015900532775180994,0.06500844360078058
sleep_quality_index,-0.015102460644815446,1.0,-0.012778481447912863,-0.03452473092820305,0.032696299081560576,-0.024217096561324127,0.0073764533966974586,-0.022606539648772357,-0.01137757166614491
brain_fog_level,-0.016167253897793204,-0.012778481447912863,1.0,-0.06624163859177509,-0.003957708394368111,0.06401430995979468,0.021448697942694574,0.04338972992018149,-0.013564562681839743
physical_pain_score,-0.004312065662324993,-0.03452473092820305,-0.06624163859177509,1.0,0.011688690303276206,0.04527604602392709,-0.013714641680073277,0.034404268030460004,0.03258262779136849
stress_level,-0.043718227974062385,0.032696299081560576,-0.003957708394368111,0.011688690303276206,1.0,-0.013415046303332458,0.0018114390458501485,0.039574880486637994,0.026112108502797438
depression_phq9_score,0.05870971353435573,-0.024217096561324127,0.06401430995979468,0.04527604602392709,-0.013415046303332458,1.0,-0.08579750963736324,0.002330105247561726,0.026670584413404468
fatigue_severity_scale_score,-0.03163099388743516,0.0073764533966974586,0.021448697942694574,-0.013714641680073277,0.0018114390458501485,-0.08579750963736324,1.0,0.035367932423745786,-0.04346961175746387
pem_duration_hours,-0.015900532775180994,-0.022606539648772357,0.04338972992018149,0.034404268030460004,0.039574880486637994,0.002330105247561726,0.035367932423745786,1.0,-0.01559584867414739
hours_of_sleep_per_night,0.06500844360078058,-0.01137757166614491,-0.013564562681839743,0.03258262779136849,0.026112108502797438,0.026670584413404468,-0.04346961175746387,-0.01559584867414739,1.0
